{
  "train": {
    "tasks": {
      "measured log solubility in mols per litre": {
        "r2": 0.034697532653808594,
        "rmse": 2.0676948553329884,
        "mae": 1.6225051879882812
      }
    },
    "macro": {
      "mae": 1.6225051879882812,
      "rmse": 2.0676948553329884,
      "r2": 0.034697532653808594
    }
  },
  "val": {
    "tasks": {
      "measured log solubility in mols per litre": {
        "r2": -0.035950422286987305,
        "rmse": 2.1357389501504387,
        "mae": 1.7005316019058228
      }
    },
    "macro": {
      "mae": 1.7005316019058228,
      "rmse": 2.1357389501504387,
      "r2": -0.035950422286987305
    }
  },
  "test": {
    "tasks": {
      "measured log solubility in mols per litre": {
        "r2": -0.05768096446990967,
        "rmse": 2.0560289072757976,
        "mae": 1.6724039316177368
      }
    },
    "macro": {
      "mae": 1.6724039316177368,
      "rmse": 2.0560289072757976,
      "r2": -0.05768096446990967
    }
  },
  "train_X_shape": [
    1128,
    48
  ]
}