{
  "train": {
    "per_task": {
      "p_np": {
        "auc": 1.0,
        "acc": 1.0,
        "n": 78
      }
    },
    "summary": {
      "macro_auc": 1.0,
      "macro_acc": 1.0,
      "total_labeled": 78,
      "tasks_with_auc": 1,
      "tasks_total": 1
    }
  },
  "val": {
    "per_task": {
      "p_np": {
        "auc": 0.5,
        "acc": 0.7777777777777778,
        "n": 9
      }
    },
    "summary": {
      "macro_auc": 0.5,
      "macro_acc": 0.7777777777777778,
      "total_labeled": 9,
      "tasks_with_auc": 1,
      "tasks_total": 1
    }
  },
  "test": {
    "per_task": {
      "p_np": {
        "auc": 0.15000000000000002,
        "acc": 0.9090909090909091,
        "n": 11
      }
    },
    "summary": {
      "macro_auc": 0.15000000000000002,
      "macro_acc": 0.9090909090909091,
      "total_labeled": 11,
      "tasks_with_auc": 1,
      "tasks_total": 1
    },
    "y_pred": [
      [
        0.9999937415122986
      ],
      [
        1.0
      ],
      [
        0.9999690651893616
      ],
      [
        0.9999998211860657
      ],
      [
        0.9999749660491943
      ],
      [
        0.9999980926513672
      ],
      [
        0.9999903440475464
      ],
      [
        0.9999830722808838
      ],
      [
        0.9964749217033386
      ],
      [
        0.9999998211860657
      ],
      [
        0.9999954104423523
      ]
    ],
    "y_true": [
      [
        1.0
      ],
      [
        1.0
      ],
      [
        1.0
      ],
      [
        1.0
      ],
      [
        1.0
      ],
      [
        1.0
      ],
      [
        1.0
      ],
      [
        1.0
      ],
      [
        1.0
      ],
      [
        0.0
      ],
      [
        1.0
      ]
    ],
    "mask": [
      [
        1.0
      ],
      [
        1.0
      ],
      [
        1.0
      ],
      [
        1.0
      ],
      [
        1.0
      ],
      [
        1.0
      ],
      [
        1.0
      ],
      [
        1.0
      ],
      [
        1.0
      ],
      [
        1.0
      ],
      [
        1.0
      ]
    ]
  },
  "train_X_shape": [
    98,
    768
  ]
}