{
  "train": {
    "tasks": {
      "measured log solubility in mols per litre": {
        "r2": 0.9577807188034058,
        "rmse": 0.43242449807023625,
        "mae": 0.32767683267593384
      }
    },
    "macro": {
      "rmse": 0.43242449807023625,
      "r2": 0.9577807188034058,
      "mae": 0.32767683267593384
    }
  },
  "val": {
    "tasks": {
      "measured log solubility in mols per litre": {
        "r2": 0.7591679096221924,
        "rmse": 1.0297596305624652,
        "mae": 0.7425472140312195
      }
    },
    "macro": {
      "rmse": 1.0297596305624652,
      "r2": 0.7591679096221924,
      "mae": 0.7425472140312195
    }
  },
  "test": {
    "tasks": {
      "measured log solubility in mols per litre": {
        "r2": 0.48418283462524414,
        "rmse": 1.4358193067654084,
        "mae": 0.8908796906471252
      }
    },
    "macro": {
      "rmse": 1.4358193067654084,
      "r2": 0.48418283462524414,
      "mae": 0.8908796906471252
    }
  },
  "train_X_shape": [
    1128,
    775
  ]
}