{
  "train": {
    "tasks": {
      "measured log solubility in mols per litre": {
        "r2": -2.1452999114990234,
        "rmse": 3.732379332199656,
        "mae": 3.1441545486450195
      }
    },
    "macro": {
      "rmse": 3.732379332199656,
      "mae": 3.1441545486450195,
      "r2": -2.1452999114990234
    }
  },
  "val": {
    "tasks": {
      "measured log solubility in mols per litre": {
        "r2": -2.241058826446533,
        "rmse": 3.777653646923026,
        "mae": 3.2006916999816895
      }
    },
    "macro": {
      "rmse": 3.777653646923026,
      "mae": 3.2006916999816895,
      "r2": -2.241058826446533
    }
  },
  "test": {
    "tasks": {
      "measured log solubility in mols per litre": {
        "r2": -1.9469645023345947,
        "rmse": 3.431937138139567,
        "mae": 2.8691141605377197
      }
    },
    "macro": {
      "rmse": 3.431937138139567,
      "mae": 2.8691141605377197,
      "r2": -1.9469645023345947
    }
  },
  "train_X_shape": [
    1128,
    775
  ]
}