{
  "train": {
    "tasks": {
      "measured log solubility in mols per litre": {
        "r2": 0.9010426998138428,
        "rmse": 0.6620315010839206,
        "mae": 0.5067330002784729
      }
    },
    "macro": {
      "r2": 0.9010426998138428,
      "rmse": 0.6620315010839206,
      "mae": 0.5067330002784729
    }
  },
  "val": {
    "tasks": {
      "measured log solubility in mols per litre": {
        "r2": 0.39337581396102905,
        "rmse": 1.634325485500597,
        "mae": 0.953964114189148
      }
    },
    "macro": {
      "r2": 0.39337581396102905,
      "rmse": 1.634325485500597,
      "mae": 0.953964114189148
    }
  },
  "test": {
    "tasks": {
      "measured log solubility in mols per litre": {
        "r2": 0.717532217502594,
        "rmse": 1.0625180635599734,
        "mae": 0.8025007843971252
      }
    },
    "macro": {
      "r2": 0.717532217502594,
      "rmse": 1.0625180635599734,
      "mae": 0.8025007843971252
    }
  },
  "train_X_shape": [
    1128,
    775
  ]
}