{
  "train": {
    "tasks": {
      "measured log solubility in mols per litre": {
        "r2": 0.8476417064666748,
        "rmse": 0.8214625698067105,
        "mae": 0.634886622428894
      }
    },
    "macro": {
      "mae": 0.634886622428894,
      "rmse": 0.8214625698067105,
      "r2": 0.8476417064666748
    }
  },
  "val": {
    "tasks": {
      "measured log solubility in mols per litre": {
        "r2": 0.7288554310798645,
        "rmse": 1.0926451415974643,
        "mae": 0.8757296800613403
      }
    },
    "macro": {
      "mae": 0.8757296800613403,
      "rmse": 1.0926451415974643,
      "r2": 0.7288554310798645
    }
  },
  "test": {
    "tasks": {
      "measured log solubility in mols per litre": {
        "r2": 0.666907787322998,
        "rmse": 1.153809471953353,
        "mae": 0.8902055621147156
      }
    },
    "macro": {
      "mae": 0.8902055621147156,
      "rmse": 1.153809471953353,
      "r2": 0.666907787322998
    }
  },
  "train_X_shape": [
    1128,
    775
  ]
}