{
  "train": {
    "tasks": {
      "measured log solubility in mols per litre": {
        "r2": 0.7872524261474609,
        "rmse": 0.9707044451760232,
        "mae": 0.7539323568344116
      }
    },
    "macro": {
      "r2": 0.7872524261474609,
      "mae": 0.7539323568344116,
      "rmse": 0.9707044451760232
    }
  },
  "val": {
    "tasks": {
      "measured log solubility in mols per litre": {
        "r2": 0.7806097865104675,
        "rmse": 0.9828501501589084,
        "mae": 0.804286539554596
      }
    },
    "macro": {
      "r2": 0.7806097865104675,
      "mae": 0.804286539554596,
      "rmse": 0.9828501501589084
    }
  },
  "test": {
    "tasks": {
      "measured log solubility in mols per litre": {
        "r2": 0.8076866865158081,
        "rmse": 0.8767111259568141,
        "mae": 0.7034704089164734
      }
    },
    "macro": {
      "r2": 0.8076866865158081,
      "mae": 0.7034704089164734,
      "rmse": 0.8767111259568141
    }
  },
  "train_X_shape": [
    1128,
    55
  ]
}