{
  "train": {
    "per_task": {
      "p_np": {
        "auc": 1.0,
        "acc": 1.0,
        "n": 78
      }
    },
    "summary": {
      "macro_auc": 1.0,
      "macro_acc": 1.0,
      "total_labeled": 78,
      "tasks_with_auc": 1,
      "tasks_total": 1
    }
  },
  "val": {
    "per_task": {
      "p_np": {
        "auc": 0.5,
        "acc": 0.8888888888888888,
        "n": 9
      }
    },
    "summary": {
      "macro_auc": 0.5,
      "macro_acc": 0.8888888888888888,
      "total_labeled": 9,
      "tasks_with_auc": 1,
      "tasks_total": 1
    }
  },
  "test": {
    "per_task": {
      "p_np": {
        "auc": 0.2,
        "acc": 0.9090909090909091,
        "n": 11
      }
    },
    "summary": {
      "macro_auc": 0.2,
      "macro_acc": 0.9090909090909091,
      "total_labeled": 11,
      "tasks_with_auc": 1,
      "tasks_total": 1
    },
    "y_pred": [
      [
        0.9999942779541016
      ],
      [
        1.0
      ],
      [
        0.9998807907104492
      ],
      [
        0.9999998807907104
      ],
      [
        0.9998885989189148
      ],
      [
        0.9999875426292419
      ],
      [
        0.9999697208404541
      ],
      [
        0.9999845623970032
      ],
      [
        0.9980207681655884
      ],
      [
        0.9999991059303284
      ],
      [
        0.9999811053276062
      ]
    ],
    "y_true": [
      [
        1.0
      ],
      [
        1.0
      ],
      [
        1.0
      ],
      [
        1.0
      ],
      [
        1.0
      ],
      [
        1.0
      ],
      [
        1.0
      ],
      [
        1.0
      ],
      [
        1.0
      ],
      [
        0.0
      ],
      [
        1.0
      ]
    ],
    "mask": [
      [
        1.0
      ],
      [
        1.0
      ],
      [
        1.0
      ],
      [
        1.0
      ],
      [
        1.0
      ],
      [
        1.0
      ],
      [
        1.0
      ],
      [
        1.0
      ],
      [
        1.0
      ],
      [
        1.0
      ],
      [
        1.0
      ]
    ]
  },
  "train_X_shape": [
    98,
    775
  ]
}