{
  "train": {
    "tasks": {
      "measured log solubility in mols per litre": {
        "r2": 0.7780969738960266,
        "rmse": 0.9913713597861048,
        "mae": 0.7671394944190979
      }
    },
    "macro": {
      "r2": 0.7780969738960266,
      "rmse": 0.9913713597861048,
      "mae": 0.7671394944190979
    }
  },
  "val": {
    "tasks": {
      "measured log solubility in mols per litre": {
        "r2": 0.8091527819633484,
        "rmse": 0.9166880337796888,
        "mae": 0.7553942799568176
      }
    },
    "macro": {
      "r2": 0.8091527819633484,
      "rmse": 0.9166880337796888,
      "mae": 0.7553942799568176
    }
  },
  "test": {
    "tasks": {
      "measured log solubility in mols per litre": {
        "r2": 0.8046193718910217,
        "rmse": 0.8836751453473033,
        "mae": 0.710166871547699
      }
    },
    "macro": {
      "r2": 0.8046193718910217,
      "rmse": 0.8836751453473033,
      "mae": 0.710166871547699
    }
  },
  "train_X_shape": [
    1128,
    7
  ]
}