{
  "train": {
    "tasks": {
      "measured log solubility in mols per litre": {
        "r2": -2.142336845397949,
        "rmse": 3.7306207276388696,
        "mae": 3.1440987586975098
      }
    },
    "macro": {
      "r2": -2.142336845397949,
      "mae": 3.1440987586975098,
      "rmse": 3.7306207276388696
    }
  },
  "val": {
    "tasks": {
      "measured log solubility in mols per litre": {
        "r2": -2.2464070320129395,
        "rmse": 3.7807691284091316,
        "mae": 3.2023632526397705
      }
    },
    "macro": {
      "r2": -2.2464070320129395,
      "mae": 3.2023632526397705,
      "rmse": 3.7807691284091316
    }
  },
  "test": {
    "tasks": {
      "measured log solubility in mols per litre": {
        "r2": -1.9477887153625488,
        "rmse": 3.4324170071875693,
        "mae": 2.8688745498657227
      }
    },
    "macro": {
      "r2": -1.9477887153625488,
      "mae": 2.8688745498657227,
      "rmse": 3.4324170071875693
    }
  },
  "train_X_shape": [
    1128,
    7
  ]
}