{
  "train": {
    "tasks": {
      "measured log solubility in mols per litre": {
        "r2": 0.940391480922699,
        "rmse": 0.5138174220671746,
        "mae": 0.39089837670326233
      }
    },
    "macro": {
      "r2": 0.940391480922699,
      "rmse": 0.5138174220671746,
      "mae": 0.39089837670326233
    }
  },
  "val": {
    "tasks": {
      "measured log solubility in mols per litre": {
        "r2": 0.8529599905014038,
        "rmse": 0.8046303515834843,
        "mae": 0.6074923276901245
      }
    },
    "macro": {
      "r2": 0.8529599905014038,
      "rmse": 0.8046303515834843,
      "mae": 0.6074923276901245
    }
  },
  "test": {
    "tasks": {
      "measured log solubility in mols per litre": {
        "r2": 0.8011519908905029,
        "rmse": 0.891481823939701,
        "mae": 0.6079179644584656
      }
    },
    "macro": {
      "r2": 0.8011519908905029,
      "rmse": 0.891481823939701,
      "mae": 0.6079179644584656
    }
  },
  "train_X_shape": [
    1128,
    775
  ]
}