{
  "train": {
    "tasks": {
      "measured log solubility in mols per litre": {
        "r2": 0.7800706624984741,
        "rmse": 0.9869526613781391,
        "mae": 0.7628023624420166
      }
    },
    "macro": {
      "rmse": 0.9869526613781391,
      "mae": 0.7628023624420166,
      "r2": 0.7800706624984741
    }
  },
  "val": {
    "tasks": {
      "measured log solubility in mols per litre": {
        "r2": 0.3522378206253052,
        "rmse": 1.6888320751561334,
        "mae": 1.2008275985717773
      }
    },
    "macro": {
      "rmse": 1.6888320751561334,
      "mae": 1.2008275985717773,
      "r2": 0.3522378206253052
    }
  },
  "test": {
    "tasks": {
      "measured log solubility in mols per litre": {
        "r2": 0.30524730682373047,
        "rmse": 1.666352894175188,
        "mae": 1.218109130859375
      }
    },
    "macro": {
      "rmse": 1.666352894175188,
      "mae": 1.218109130859375,
      "r2": 0.30524730682373047
    }
  },
  "train_X_shape": [
    1128,
    768
  ]
}