{
  "train": {
    "tasks": {
      "measured log solubility in mols per litre": {
        "r2": 0.9309212565422058,
        "rmse": 0.5531297489544298,
        "mae": 0.41789963841438293
      }
    },
    "macro": {
      "r2": 0.9309212565422058,
      "mae": 0.41789963841438293,
      "rmse": 0.5531297489544298
    }
  },
  "val": {
    "tasks": {
      "measured log solubility in mols per litre": {
        "r2": 0.6552298069000244,
        "rmse": 1.2320930538024104,
        "mae": 0.9368270039558411
      }
    },
    "macro": {
      "r2": 0.6552298069000244,
      "mae": 0.9368270039558411,
      "rmse": 1.2320930538024104
    }
  },
  "test": {
    "tasks": {
      "measured log solubility in mols per litre": {
        "r2": 0.5601353645324707,
        "rmse": 1.3259018186236093,
        "mae": 0.894669234752655
      }
    },
    "macro": {
      "r2": 0.5601353645324707,
      "mae": 0.894669234752655,
      "rmse": 1.3259018186236093
    }
  },
  "train_X_shape": [
    1128,
    768
  ]
}