{
  "train": {
    "tasks": {
      "measured log solubility in mols per litre": {
        "r2": -2.145463228225708,
        "rmse": 3.7324761706624447,
        "mae": 3.1441707611083984
      }
    },
    "macro": {
      "r2": -2.145463228225708,
      "mae": 3.1441707611083984,
      "rmse": 3.7324761706624447
    }
  },
  "val": {
    "tasks": {
      "measured log solubility in mols per litre": {
        "r2": -2.2433223724365234,
        "rmse": 3.7789724757819134,
        "mae": 3.2013092041015625
      }
    },
    "macro": {
      "r2": -2.2433223724365234,
      "mae": 3.2013092041015625,
      "rmse": 3.7789724757819134
    }
  },
  "test": {
    "tasks": {
      "measured log solubility in mols per litre": {
        "r2": -1.942230463027954,
        "rmse": 3.4291794385397947,
        "mae": 2.867475748062134
      }
    },
    "macro": {
      "r2": -1.942230463027954,
      "mae": 2.867475748062134,
      "rmse": 3.4291794385397947
    }
  },
  "train_X_shape": [
    1128,
    768
  ]
}